timestamp,aid,source,ip,user_agent,referer,all_params
2026-06-12T17:54:30.903570,NO_AID,none,127.0.0.1,"Mozilla/5.0 (Macintosh; Intel Mac OS X 10_15_7) AppleWebKit/537.36 (KHTML, like Gecko) Chrome/141.0.",none,{}
2026-06-12T17:57:13.040454,NO_AID,none,127.0.0.1,"Mozilla/5.0 (Macintosh; Intel Mac OS X 10_15_7) AppleWebKit/537.36 (KHTML, like Gecko) Chrome/141.0.",none,{}
2026-06-12T17:57:14.447255,NO_AID,none,127.0.0.1,"Mozilla/5.0 (Macintosh; Intel Mac OS X 10_15_7) AppleWebKit/537.36 (KHTML, like Gecko) Chrome/141.0.",http://127.0.0.1:8000/,{}
2026-06-12T18:01:19.384389,NO_AID,none,127.0.0.1,"Mozilla/5.0 (Macintosh; Intel Mac OS X 10_15_7) AppleWebKit/537.36 (KHTML, like Gecko) Chrome/141.0.",none,{}
2026-06-12T18:01:20.607118,NO_AID,none,127.0.0.1,"Mozilla/5.0 (Macintosh; Intel Mac OS X 10_15_7) AppleWebKit/537.36 (KHTML, like Gecko) Chrome/141.0.",http://127.0.0.1:8000/,{}
2026-06-12T18:19:10.706745,NO_AID,none,127.0.0.1,"Mozilla/5.0 (Macintosh; Intel Mac OS X 10_15_7) AppleWebKit/537.36 (KHTML, like Gecko) Chrome/141.0.",none,{}
2026-06-12T18:21:08.749883,NO_AID,none,127.0.0.1,"Mozilla/5.0 (Macintosh; Intel Mac OS X 10_15_7) AppleWebKit/537.36 (KHTML, like Gecko) Chrome/141.0.",none,{}
2026-06-12T18:21:58.323202,NO_AID,none,127.0.0.1,"Mozilla/5.0 (Macintosh; Intel Mac OS X 10_15_7) AppleWebKit/537.36 (KHTML, like Gecko) Chrome/141.0.",none,{}
2026-06-12T18:22:36.725089,NO_AID,none,127.0.0.1,"Mozilla/5.0 (Macintosh; Intel Mac OS X 10_15_7) AppleWebKit/537.36 (KHTML, like Gecko) Chrome/141.0.",none,{}
2026-06-12T18:22:46.468320,NO_AID,none,127.0.0.1,"Mozilla/5.0 (Macintosh; Intel Mac OS X 10_15_7) AppleWebKit/537.36 (KHTML, like Gecko) Chrome/141.0.",none,{}
2026-06-12T18:26:09.857710,NO_AID,none,127.0.0.1,"Mozilla/5.0 (Macintosh; Intel Mac OS X 10_15_7) AppleWebKit/537.36 (KHTML, like Gecko) Chrome/141.0.",none,{}
2026-06-12T18:26:10.975024,NO_AID,none,127.0.0.1,"Mozilla/5.0 (Macintosh; Intel Mac OS X 10_15_7) AppleWebKit/537.36 (KHTML, like Gecko) Chrome/141.0.",http://127.0.0.1:8000/,{}
2026-06-12T20:06:18.819451,NO_AID,none,127.0.0.1,"Mozilla/5.0 (Macintosh; Intel Mac OS X 10_15_7) AppleWebKit/537.36 (KHTML, like Gecko) Chrome/141.0.",none,{}
2026-06-12T20:06:19.754462,NO_AID,none,127.0.0.1,"Mozilla/5.0 (Macintosh; Intel Mac OS X 10_15_7) AppleWebKit/537.36 (KHTML, like Gecko) Chrome/141.0.",http://127.0.0.1:8000/,{}
2026-06-12T20:08:06.899809,NO_AID,none,127.0.0.1,"Mozilla/5.0 (Macintosh; Intel Mac OS X 10_15_7) AppleWebKit/537.36 (KHTML, like Gecko) Chrome/141.0.",none,{}
2026-06-12T20:08:07.821409,NO_AID,none,127.0.0.1,"Mozilla/5.0 (Macintosh; Intel Mac OS X 10_15_7) AppleWebKit/537.36 (KHTML, like Gecko) Chrome/141.0.",http://127.0.0.1:8000/,{}
